Name,Price
Диван Льери Мини Velvet Light,56990
Диван Нумо Velvet Yellow,35990
Диван Тут Рядом Дом Серо-графитовый,69990
Диван угловой Ройн Мини Velvet Olive,39990
Диван угловой Эби-1 Velvet Coral,69990
Диван Бруквиль Velvet Blue,46990
Диван Тут Рядом Космос Светло-Бежевый,109990
Диван Линс Velvet Navy Blue,26990
Диван Нумо Мини Textile Yellow,22990
Диван Байма Velvet Grey,66990
Кресло Тут Рядом Дом Сине-бежевый,49990
Диван угловой Беллер Textile Yellow,36990
Кресло Бенел Cozy Ivory,30990
Диван Нумо Velvet Grafit,35990
Пуф Тут Рядом Дом Серо-графитовый,14990
Диван Роттердам Velvet Yellow,23990
Диван Сваут Velvet Grey,62990
Пуф Дадли Velvet Ocean,3290
Диван Линс Velvet Grafit,26990
Диван Рейли Velvet Coral,29990
Диван угловой Дарол Happy Grey,59990
Пуф Тут Рядом Красавчик Светло-бежевый,32990
Диван Коренс Happy Grey,28990
Диван угловой Шера Velvet Light,99990
Кресло Дженкс Happy Emerald,20990
Диван Види Textile Ocean,22990
Пуф Тут Рядом Дом Зеленый,14990
Кресло Гета Soft Silver,29990
Диван угловой Нумо Velvet Yellow,44990
Диван Тут Рядом Дом Сине-бежевый,69990
Диван Сваут Velvet Mustard,62990
Кресло Элвит Cozy Ivory,25990
Модульный диван Сэндж 2 Textile Yellow,55970
Пуф Лонди Cozy Beige,12990
Кресло Тут Рядом Дом Розовый,49990
Диван Нумо Мини Textile Light,22990
Диван Рейли Velvet Mint,29990
Диван Бонс-Т Happy Yellow,39990
Диван Риббл-2 Bucle Lilac,62990
Диван угловой Маркфул Velvet Ocean,76990
Кушетка Роби Textile Coral,16990
Диван угловой Нумо Velvet Grey,44990
Пуф Тут Рядом Красавчик Оранжевый,26990
Кушетка Оренте Soft Sky,39990
Пуф Бане Cozy Ginger,7990
Банкетка Аймо Textile Light,7990
Диван Лонди Mima Pink,82990
Кушетка Оренте Cozy White,52990
Кресло Элвит Cozy Emerald,25990
Кресло Тут Рядом Космос-2 Графитовый,79990
Пуф Динс Velvet Yellow,6990
Кресло Тут Рядом Космос-2 Светло-Бежевый,79990
Пуф Тут Рядом Дом Синий,14990
Кресло Тут Рядом Космос-1 Серый,54990
Пуф Динс Velvet Milk,6990
Диван угловой Аронт Мини Velvet Light,49990
Кресло Лонди Mima Pink,66990
Кресло Тут Рядом Космос-1 Желтый,54990
Диван угловой Шера Velvet Olive,99990
Диван Тут Рядом Дом Розовый,69990
Пуф Поул Bucle Pink,11990
Кресло Тут Рядом Космос-2 Серый,79990
Кресло Гета Soft Light,29990
Пуф Кофи-2 Galaxy Birds,5990
Пуф Лонди Mima Pink,17990
Диван угловой Шера Velvet Terra,99990
Диван Самми Velvet Grey,26990
Диван угловой Аронт Мини Velvet Smoke,49990
Кушетка Тут Рядом Космос Бежевый,89990
Диван Тут Рядом Космос Серый,109990
Пуф Каве Velvet Violet,9990
Модульный диван Риббл-3 Bucle Forest,141970
Кресло Бенел Cozy Beige,30990
Банкетка Кото Bucle Galaxy,18990
Кресло Носта Bucle Blue,24990
Диван угловой Шера Velvet Blue,99990
Кушетка Кото Cozy Storm,39990
Пуф Кото Cozy Dove,7990
Кресло Кото Cozy Beige,26990
Кушетка Олтен Bucle Shadow,29990
Диван Арклоу Cozy Ivory,44990
Модульный диван Brera-3 Velour Night,104970
Диван Ларонсо Textile Night,84990
Диван Тут Рядом Космос Графитовый,109990
Диван Рон Textile Beige,46990
Пуф Клаум Linia Light,4990
Кресло Кото Cozy Latte,26990
Диван угловой Биани-2 Barhat Olive,94990
Пуф Плиди Velvet Yellow,4990
Диван Марей Soft Olive,89990
Кресло-кровать Динс Мини Velvet Silver,28990
Модульный диван Этен 4 Vertical Mix,183920
Диван Лофт Linia Ginger,39990
Диван угловой Лаберт Barhat Beige,99990
Модульный диван Brera-8 Velour Olive,117970
Пуф Кото Cozy Emerald,7990
Кушетка Кото Cozy Beige,39990
Диван Риард-3 Land Marsala,44990
Диван Лонди Bucle Galaxy,49990
Модульный диван Brera-2 Velour Mix,99980
Кресло Тут Рядом Космос-2 Зеленый,79990
Диван Динс Мини Velvet Silver,46990
Диван Льери Time Melon,84990
Диван угловой Лилле Velvet Terra,54990
Кресло Элвит Cozy Latte,25990
Диван угловой Аронт Мини Velvet Pink,49990
Диван угловой Биани-1 Barhat Olive,72990
Диван Рон Textile Grey,49990
Пуф Кофи-2 Cozy Ivory,6990
Диван угловой Лаберт Barhat Forest,99990
Диван Марей Soft Navy Blue,89990
Кушетка Манс Velvet Mint,29990
Диван Риард-3 Land Sky,44990
Диван Шилдс Bucle Marble,69990
Модульный диван Brera-6 Velour Caramel,166960
Кушетка Норфолк Velvet Mint,23990
Пуф Эби Мини Linia Vanil,5490
Пуф Эби Мини Linia Silver,5490
Пуф Кото Cozy Ivory,7990
Кушетка Кото Cozy Dove,39990
Кресло Гета Cozy Milk,29990
Диван Марей Soft Grey,89990
Кушетка Манс Velvet Beige,29990
Диван Ларонсо Bucle Shadow,84990
Диван Лачи Velvet Pink,25990
Кресло Мерни Textile Forest,20990
Диван Риард-3 Land Black,44990
Диван Рон Textile Light,49990
Диван Лофт Linia Nut,39990
Модульный диван Этен 2 Vertical Jeance,133940
Диван Биани Barhat Ginger,59990
Модульный диван Brera-6 Velour Beige,166960
Диван Марей Soft Gold,89990
Кушетка Кото Cozy Emerald,39990
Пуф Динс Velvet Violet,6990
Диван угловой Вайвел Barhat Ginger,89990
Диван Динс Velvet Milk,44990
Модульный диван Полан-1 Velvet Terra,65970
Диван Ольен Velvet Honey,62990
Диван Риард-2 Land Stone,36990
Кресло Тилар Cozy Milk,20990
Пуф Кото Cozy Latte,7990
Кресло Риард Land Light,29990
Диван Марей Soft Latte,89990
Диван Сите-3 Velvet Moss,32990
Модульный диван Этен 1 Vertical Milk,103950
Кресло Кото Cozy Dove,26990
Диван угловой Вайвел Barhat Forest,89990
Кресло Рибс Velvet Blue,29990
Кресло Элвит Cozy Storm,25990
Кушетка Кото Cozy Ginger,39990
Диван угловой Виена Velvet Eclipse,59990
Диван Рон Textile Ocean,49990
Модульный диван Brera-5 Velour Galaxy,109980
Диван Марей Soft Ginger,89990
Диван Brera Velour Cinnamon,89990
Диван Риард-3 Land Stone,44990
Кресло Риард Land Forest,29990
Модульный диван Этен Vertical Jeans,73960
Диван угловой Вайвел Barhat Blue,89990
Диван Рон Textile Plum,49990
Диван Сите-3 Velvet Smoke,32990
Диван угловой Эдвин Velvet Smoke,69990
Пуф Акера-2 Cozy Ivory,10990
Диван Тилар Velvet Sand,27990
Кресло Рибс Velvet Beige,29990
Диван угловой Шера Velvet Grey,99990
Диван Арклоу Soft Silver,49990
Кушетка Олтен Textile Plum,32990
Диван угловой Вайвел Barhat Beige,89990
Диван Сите-3 Velvet Eclipse,32990
Кресло Пайл Cozy White,25990
Диван Слипсон Мини Linia Grafit,52990
Модульный диван Этен 1 Vertical Pink,103950
Кресло Риард Land Marsala,29990
Кресло Риард Land Stone,29990
Кресло Кото Cozy Emerald,26990
Кресло-кровать Слипсон Мини Linia Grafit,29990
Модульный диван Brera-4 Velour Plum,152970
Диван угловой Эдвин Velvet Blue,69990
Диван Рон Textile Yellow,49990
Диван Тилар Textile Grafit,27990
Диван Сите-3 Velvet Blue,32990
Диван угловой Вайвел Barhat Grafit,89990
Кресло Рибс Velvet Grey,29990
Кресло Лонди Bucle Galaxy,42990
Модульный диван Этен 3 Vertical Jeans,127940
Диван Сорен Textile Yellow,56990
Диван угловой Биани-2 Velvet Smoke,94990
Кресло Риард Land Sky,29990
Кресло Ансил Bucle Marble,24990
Кресло Кинси Land Navy Blue,38990
Кресло Сите Velvet Moss,20990
Кушетка Кото Cozy Ivory,39990
Диван угловой Вайвел Barhat Caramel,89990
Диван угловой Майнап Velvet Latte,46990
Диван Бруквиль Velvet Smoke,46990
Пуф Кофи-2 Bucle Galaxy,6990
Модульный диван Этен 4 Vertical Milk,183920
Диван угловой Биани-1 Velvet Smoke,72990
Пуф Ситено Barhat Light,6990
Диван угловой Эдвин Velvet Stone,69990
Диван угловой Лаберт Barhat Grafit,99990
Кресло Сите Velvet Coral,20990
Диван Боско-2 Land Blue,36990
Диван угловой Вайвел Barhat Night,89990
Пуф Кото Cozy Ginger,7990
Модульный диван Brera-3 Velour Cinnamon,104970
Диван Кинси-2 Land Navy Blue,46990
Кресло Кото Cozy Ginger,26990
Диван Байма Velvet Olive,66990
Кресло Элвит Cozy Dove,25990
Диван угловой Льери Мини Velvet Yellow,66990
Модульный диван Этен 3 Vertical Mix,127940
Кушетка Кото Cozy Latte,39990
Кресло-кровать Динс Мини Velvet Red,28990
Кушетка Тут Рядом Космос Синий,89990
Диван угловой Аронт Мини Velvet Terra,49990
Диван Боско-3 Land Blue,46990
Диван Массе Bucle Galaxy,64990
Кресло-кровать Эби Мини Linia Ginger,29990
Кресло Рибс Velvet Plum,29990
Кушетка Тут Рядом Космос Серый,89990
Диван Кинси-3 Land Navy Blue,54990
Диван Сите-2 Velvet Smoke,26990
Диван Массе Velvet Pink,56990
Диван угловой Эдвин Velvet Moss,69990
Диван Динс Мини Velvet Red,46990
Модульный диван Этен 2 Vertical Milk,133940
Кресло Лонди Cozy Ivory,39990
Диван Виенсо Bucle Smoky,66990
Модульный диван Brera-2 Velour Lilac,99980
Диван Боско-3 Land Terra,46990
Кресло Сите Velvet Blue,20990
Диван угловой Виена Bucle White,69990
Пуф Лонди Bucle Galaxy,14990
Пуф Корк Velvet Blue,8990
Кресло Аркет Velvet Yellow,24990
Кресло Кото Cozy Ivory,26990
Диван угловой Эби-1 Soft Grafit,99900
Модульный диван Этен 3 Vertical Milk,127940
Диван Сторм Land Silver,52990
Диван угловой Льери Мини Velvet Blue,66990
Диван Сите-2 Velvet Eclipse,26990
Диван угловой Биани-1 Barhat Blue,72990
Пуф Кото Cozy Storm,7990
Диван угловой Байвин-1 Soft Olive,72990
Кресло Кинси Land Light,38990
Диван Динс Мини Velvet Latte,46990
Диван Мона Velvet Grey,25990
Пуф Каве Velvet Milk,9990
Модульный диван Полан-2 Velvet Smoke,83960
Пуф Акера-2 Velvet Yellow,9990
Диван Маре Мини Velvet Beige,26990
Диван Сторм Land Forest,52990
Модульный диван Brera-1 Velour Caramel,192950
Кресло Роттердам Velvet Pink,15990
Пуф Лидо Velvet Light,4290
Диван Аркет-2 Velvet Yellow,32990
Диван угловой Эби-2 Velvet Coral,94990
Диван Кинси-2 Land Light,46990
Диван угловой Ройн Мини Velvet Grey,39990
Диван Биани Barhat Night,59990
Кресло поворотное Теоп Bucle Mint,34990
Модульный диван Этен 1 Vertical Mix,103950
Диван Виенсо Bucle Cloud,66990
Кресло Мисл Barhat Melon,30990
Диван угловой Льери Мини Velvet Grey,66990
Диван Арклоу Soft Ginger,49990
Диван Данста Velvet Mint,56990
Диван Сторм Land Yellow,52990
Диван Биани Barhat Olive,59990
Диван Сторм Land Milk,52990
Диван Роттердам-3 Cozy White,46990
Кресло поворотное Теоп Cozy Milk,34990
Пуф Плиди Velvet Mint,4990
Диван Кинси-3 Land Light,54990
Кресло Одрил Velvet Stone,27990
Диван Бонент Velvet Smoke,69990
Диван Шилдс Bucle Silver,69990
Диван угловой Льери Мини Velvet Coral,66990
Кушетка Мона Barhat Salmon,29990
Диван Хевит Velvet Eclipse,34990
Диван Лави Velvet Pink,36990
Кресло поворотное Теоп Bucle Blue,34990
Модульный диван Brera-2 Velour Cherry,99980
Кресло Кото Cozy Storm,26990
Диван Сторм Land Grey,52990
Кресло Кинси Land Grafit,38990
Пуф Ньюбери Velvet Grafit,5490
Модульный диван Полан-1 Velvet Ocean,65970
Пуф Плиди Velvet Blue,4990
Кресло Ньюбери Velvet Emerald,15990
Диван угловой Льери Time Melon,99990
Кресло Мерни Textile Plum,20990
Диван Маре Мини Velvet Emerald,26990
Диван угловой Шера Velvet Smoke,99990
Диван угловой Байвин-2 Soft Latte,94990
Кушетка Олтен Textile Yellow,32990
Пуф Бане Cozy Ivory,7990
Кресло Brera Velour Cherry,59990
Диван Сторм Land Latte,52990
Пуф Лидо Velvet Eclipse,4290
Кушетка Манс Velvet Grey,29990
Кресло Кинси Land Marsala,38990
Кресло Рибс Velvet Moss,29990
Диван Рейли Velvet Yellow,29990
Кресло Динс Velvet Emerald,19990
Модульный диван Полан-2 Cozy Ivory,101960
Диван угловой Дисент-2 Velvet Stone,99990
Диван угловой Харинг Soft Milk,89990
Пуф Акера-2 Velvet Grey,9990
Диван Дисент Velvet Stone,74990
Диван Льери Мини Velvet Atlantic,56990
Диван Маре Мини Velvet Blue,26990
Кушетка Манс Velvet Yellow,29990
Модульный диван Полан-2 Velvet Ocean,83960
Пуф Лидо Happy Yellow,4290
Диван Эби Soft Grafit,89990
Кушетка Манс Velvet Olive,29990
Кресло Сторм Land Terra,32990
Диван Ниса Land Light,42990
Диван Виена Velvet Blue,56990
Диван угловой Льери Мини Velvet Emerald,66990
Диван угловой Эдвин Velvet Terra,69990
Диван Роттердам Cozy Milk,25990
Диван Рейли Velvet Emerald,29990
Кресло Brera Velour Mix,59990
Модульный диван Полан-4 Velvet Ocean,91960
Диван угловой Лаберт Barhat Olive,99990
Диван угловой Аронт Мини Velvet Olive,49990
Диван угловой Ройн Мини Velvet Terra,39990
Диван Brera Velour Stone,89990
Банкетка Эдин Velvet Ocean,9990
Диван Ниса Land Stone,42990
Диван Нумо Мини Textile Silver,22990
Диван угловой Амрано Velvet Terra,39990
Диван Сите-2 Velvet Blue,26990
Диван Ниса Land Marsala,42990
Кушетка Мона Velvet Beige,28990
Кушетка Тут Рядом Космос Графитовый,89990
Пуф Клаум Linia Ginger,4990
Диван Мона Velvet Blue,25990
Пуф Роттердам Мини Velvet Yellow,9990
Диван Сваут Velvet Beige,62990
Диван Арклоу Soft Beige,49990
Кушетка Олтен Textile Blue,32990
Диван Сите-3 Velvet Coral,32990
Кресло Рибс Velvet Terra,29990
Диван угловой Льери Мини Velvet Light,66990
Диван угловой Эби-2 Velvet Light,94990
Кресло Эрвин White,19990
Модульный диван Brera-3 Velour Lilac,104970
Пуф Ситено Barhat Mint,6990
Диван Ниса Land Navy Blue,42990
Кушетка Мона Velvet Yellow,28990
Кресло Витио Velvet Milk,19990
Пуф Гекот Textile Yellow,10990
Кресло Сите Velvet Smoke,20990
Кресло Пайл Happy Light,20990
Диван угловой Льери Мини Velvet Terra,66990
Модульный диван Полан-3 Velvet Ocean,66960
Диван Тут Рядом Космос Бежевый,109990
Кресло Волси Happy Grey,18990
Модульный диван Полан-2 Velvet Mint,83960
Пуф Клаум Linia Nut,4990
Диван Боско-2 Land Forest,36990
Пуф Плиди Velvet Smoke,4990
Диван Хевит Velvet Yellow,34990
Кушетка Манс Velvet Coral,29990
Кресло Сите Velvet Eclipse,20990
Кресло Одрил Velvet Terra,27990
Диван Ниса Land Silver,42990
Кресло Сите Barhat Beige,20990
Модульный диван Полан-5 Velvet Ocean,117950
Диван угловой Лаберт Velvet Smoke,99990
Диван угловой Аронт Мини Velvet Grey,49990
Диван Мона Velvet Beige,25990
Диван Боско-3 Land Forest,46990
Модульный диван Brera-5 Velour Stone,109980
Диван Сите-2 Velvet Moss,26990
Диван Эби Velvet Coral,62990
Диван угловой Харинг Soft Terra,89990
Диван угловой Льери Barhat Mint,89990
Кушетка Берил Velvet Coral,34990
Диван Эби Velvet Light,62990
Диван Ниса Land Forest,42990
Кресло Боско Land Forest,28990
Диван угловой Лаберт Velvet Toffe,99990
Диван Байма Velvet Plum,66990
Кресло Мона Velvet Coral,16990
Диван Сите-2 Velvet Coral,26990
Диван угловой Биани-1 Barhat Latte,72990
Диван угловой Плэнтис Soft Grafit,109990
Пуф Куб Velvet Ocean,3490
Диван Виенсо Bucle Sand,74990
Кушетка Олтен Textile Forest,32990
Диван Бруквиль Velvet Grey,46990
Диван Динс Мини Velvet Lime,46990
Диван угловой Ситено Velvet Light,59990
Кресло Гета Soft Ginger,29990
Кресло Тилар Velvet Pink,19990
Кресло Ниса Land Stone,32990
Кресло поворотное Теоп Bucle Pink,34990
Диван Рон Textile Grafit,49990
Диван угловой Харинг Soft Toffe,89990
Диван Риард-2 Land Light,36990
Диван Арклоу Soft Blue,49990
Модульный диван Brera-3 Velour Mix,104970
Диван Brera Velour Cherry,89990
Диван Нумо Velvet Emerald,35990
Диван Тилар Velvet Pink,27990
Банкетка Ситено Velvet Light,9990
Диван Слипсон Мини Linia Ginger,52990
Кресло поворотное Теоп Bucle White,34990
Диван Хевит Velvet Terra,34990
Диван угловой Плэнтис Soft Ginger,109990
Кресло Мона Velvet Blue,16990
Кресло Ансил Bucle Storm,24990
Кресло Динс Velvet Silver,19990
Пуф Динс Velvet Silver,6990
Диван угловой Эби-1 Happy Yellow,72990
Диван Риард-2 Land Forest,36990
Диван угловой Эби-2 Soft Grafit,129900
Кресло поворотное Теоп Bucle Beige,34990
Кресло-кровать Бонс-Т Happy Deep Ocean,25990
Кресло Тут Рядом Космос-1 Графитовый,54990
Диван Слипсон Velvet Olive,54990
Пуф Каве Velvet Grey,9990
Диван Льери Мини Velvet Emerald,56990
Диван Рейли Velvet Silver,29990
Диван угловой Беллер Textile Light,36990
Модульный диван Brera-8 Velour Stone,117970
Банкетка Вайли Happy Mint,8990
Диван угловой Эби-2 Happy Yellow,94990
Банкетка Аймо Textile Grafit,7990
Диван угловой Нумо Time Emerald,44990
Кресло Мона Velvet Grey,16990
Кресло Одрил Velvet Olive,27990
Диван угловой Аронт Мини Velvet Yellow,49990
Диван Риард-2 Land Marsala,36990
Диван угловой Слипсон Velvet Olive,59990
Кресло Brera Velour Beige,59990
Диван угловой Харинг Soft Jungle,89990
Диван Маре Мини Velvet Ginger,26990
Пуф Милин Barhat Mint,6990
Диван угловой Динс Velvet Silver,54990
Пуф Каве Velvet Olive,9990
Кресло-кровать Слипсон Мини Linia Ginger,29990
Диван Динс Velvet Silver,44990
Диван Кейсес Velvet Navy Blue,24990
Пуф Акера-2 Velvet Emerald,9990
Диван Аркет-3 Velvet Blue,39990
Кресло-кровать Види Textile Navy Blue,19990
Кресло Волси Happy Light,18990
Диван Слипсон Happy Yellow,54990
Диван Риард-2 Land Sky,36990
Диван Льери Barhat Blue,69990
Диван Массе Velvet Coral,56990
Кресло Мона Velvet Beige,16990
Диван угловой Слипсон Velvet Milk,59990
Диван угловой Биани-1 Barhat Beige,72990
Диван угловой Харинг Soft Night,89990
Диван Нумо Velvet Grey,35990
Кушетка Олтен Textile Shark,32990
Кресло Гета Soft Grafit,29990
Пуф Лидо Velvet Smoke,4290
Модульный диван Полан-5 Velvet Light,117950
Кресло Одрил Velvet Yellow,27990
Диван угловой Динс Velvet Milk,54990
Диван Льери Barhat Mint,72990
Диван угловой Дарол Happy Galaxy,59990
Пуф Каве Velvet Yellow,9990
Кресло Мона Velvet Yellow,16990
Диван Риард-2 Land Black,36990
Пуф Кото Cozy Beige,7990
Кресло Витио Velvet Yellow,19990
Диван угловой Харинг Soft Grafit,89990
Диван Сваут Velvet Moss,62990
Кушетка Тут Рядом Космос Желтый,89990
Диван Винси Soft Grey,20990
Пуф Милин Barhat Melon,6990
Диван Сваут Velvet Terra,62990
Кресло Витио Velvet Silver,19990
Пуф Ньюбери Velvet Pink,5490
Диван Риард-3 Land Light,44990
Кресло Динс Velvet Yellow,19990
Диван Арклоу Soft Olive,49990
Кресло Ансил Barhat Blue,20990
Пуф Милин Bucle Galaxy,7990
Пуф Дадли Velvet Coral,3290
Диван Эби Happy Yellow,62990
Диван угловой Харинг Soft Grey,89990
Диван угловой Эдвин Velvet Grey,69990
Диван угловой Амрано Velvet Emerald,39990
Кушетка Олтен Textile Latte,32990
Диван Бруквиль Velvet Terra,46990
Кресло Витио Velvet Mint,19990
Кресло Тут Рядом Космос-1 Светло-Бежевый,54990
Диван Риард-3 Land Forest,44990
Пуф Акера-2 Velvet Coral,9990
Диван угловой Стаус Velvet Caramel,34990
Пуф Акера-2 Velvet Blue,9990
Диван Сорен Textile Navy Blue,56990
Пуф Плиди Cozy White,6990
Диван Динс Velvet Yellow,44990
Пуф Тут Рядом Дом Сине-бежевый,14990
Диван Слипсон Velvet Plum,54990
Диван Лачи Velvet Grafit,25990
Диван Биани Barhat Latte,59990
Диван Арклоу Cozy Storm,44990
Кресло Боско Land Blue,28990
Диван угловой Амрано Velvet Caramel,39990
Диван Винси Textile Gold,23990
Диван Риббл-2 Bucle White,62990
Диван угловой Ройн Мини Velvet Smoke,39990
Модульный диван Полан-1 Velvet Smoke,65970
Кресло Ньюбери Velvet Latte,15990
Диван угловой Слипсон Velvet Stone,59990
Кресло Эрвин Black,19990
Диван Биани Barhat Blue,59990
Модульное кресло Полан Velvet Ocean,40970
Банкетка Эдин Velvet Grey,9990
Кресло Тут Рядом Космос-1 Синий,54990
Кресло Риард Land Black,29990
Диван Кускен Velvet Grey,36990
Пуф Акера-2 Velvet Beige,9990
Диван Риббл-7 Bucle White,47990
Модульный диван Полан-4 Velvet Light,91960
Кресло-кровать Кускен Velvet Red,39990
Диван Лейсон Velvet Smoke,49990
Кресло Эрвин Brown,19990
Диван угловой Маркфул Velvet Light,76990
Диван угловой Эби-1 Velvet Light,69990
Пуф Мэл Bucle Sunset,6990
Кушетка Тут Рядом Космос Зеленый,89990
Диван Лави Velvet Beige,36990
Диван Милкен Velvet Yellow,32990
Диван Види Textile Yellow,22990
Диван Винси Soft Olive,20990
Диван Сорен Textile Plum,56990
Модульный диван Полан-1 Cozy Ivory,80970
Диван угловой Ройн Мини Velvet Pink,39990
Диван Биани Velvet Smoke,59990
Кресло Эрвин Grey,19990
Кресло Боско Land Terra,28990
Кресло Мона Velvet Olive,16990
Диван Нумо Мини Textile Grafit,22990
Кресло Ансил Barhat Beige,20990
Кресло Тут Рядом Космос-1 Бежевый,54990
Банкетка Эдин Velvet Coral,9990
Кресло Ансил Barhat Olive,20990
Модульный диван Сэндж 3 Textile Grey,74960
Диван Дара Happy Emerald,39990
Модульный диван Полан-4 Velvet Terra,91960
Кресло Мерни Textile Shark,20990
Диван Сорен Textile Light,56990
Диван Боско-2 Land Terra,36990
Диван Рейли Velvet Light,29990
Диван Эрвин-2 Black,26990
Пуф Плиди Happy Light,4990
Пуф Динс Velvet Emerald,6990
Диван Лави Velvet Yellow,36990
Диван Лейсон Velvet Stone,49990
Кушетка Тут Рядом Космос Светло-Бежевый,89990
Диван Соланс Velvet Yellow,27990
Пуф Орон Barhat Gold,5490
Банкетка Вайли Happy Light,8990
Кресло Гермис Velvet Yellow,26990
Кресло Арклоу Soft Olive,32990
Диван Эрвин-2 Brown,26990
Диван Лейсон Velvet Mint,49990
Диван Лави Velvet Moss,36990
Диван угловой Ройн Мини Velvet Beige,39990
Модульный диван Риббл-1 Bucle White,70980
Кресло Ларни Velvet Green,18990
Диван угловой Биани-2 Barhat Night,94990
Модульный диван Полан-2 Velvet Terra,83960
Кресло Гермис Velvet Stone,26990
Диван Виена Velvet Smoke,56990
Диван Сорен Textile Ocean,56990
Диван Эрвин-2 Grey,26990
Модульный диван Полан-5 Velvet Smoke,117950
Диван Милкен Velvet Sand,32990
Диван Тут Рядом Космос Зеленый,109990
Пуф Корк Barhat Mint,8990
Кушетка Мона Velvet Olive,28990
Диван угловой Эби-2 Happy Grey,94990
Диван Риббл-6 Bucle White,47990
Диван Гермис-3 Velvet Smoke,49990
Пуф Поул Bucle Forest,11990
Диван Роттердам Velvet Black,23990
Диван Лави Velvet Smoke,36990
Диван угловой Биани-2 Barhat Latte,94990
Диван Эрвин-2 Light,26990
Пуф Поул Bucle White,11990
Диван Бруквиль Velvet Beige,46990
Диван Дисент Velvet Emerald,74990
Диван Мона Velvet Coral,25990
Банкетка Кото Cozy Ivory,15990
Диван Мисл Barhat Melon,66990
Модульный диван Brera-1 Velour Cinnamon,192950
Диван Лави Velvet Eclipse,36990
Кресло Тут Рядом Космос-2 Бежевый,79990
Кресло-кровать Кейсес Velvet Yellow,20990
Диван Эрвин-2 White,26990
Модульный диван Полан-3 Velvet Terra,66960
Модульный диван Полан-4 Velvet Mint,91960
Диван угловой Слипсон Velvet Honey,59990
Кресло Гермис Velvet Olive,26990
Модульный диван Полан-5 Velvet Terra,117950
Модульный диван Риббл-4 Bucle White,139970
Диван угловой Эби-1 Happy Mint,72990
Пуф Поул Bucle Eclipce,11990
Диван Эрвин-3 Black,32990
Модульный диван Brera-4 Velour Beige,152970
Диван Лилле Velvet Emerald,42990
Диван угловой Биани-2 Barhat Beige,94990
Диван Тут Рядом Космос Синий,109990
Кресло Одрил Velvet Beige,27990
Кресло Гермис Velvet Eclipse,26990
Диван угловой Слипсон Velvet Plum,59990
Кушетка Берил Velvet Olive,34990
Кресло Волси Cozy Ivory,25990
Пуф Гекот Textile Light,10990
Диван Линс Velvet Pink,26990
Диван Эрвин-3 Brown,32990
Модульный диван Brera-7 Velour Black,167970
Диван Кела Мини Velvet Navy Blue,34990
Диван Викс Textile Coral,21990
Пуф Гарди Soft Night,9990
Диван Гермис-3 Velvet Eclipse,49990
Кресло-кровать Эби Мини Linia Silver,29990
Пуф Корк Velvet Eclipse,8990
Диван Милкен Velvet Grey,32990
Диван Ларонсо Bucle White,84990
Модульное кресло Полан Cozy Ivory,50970
Диван Эрвин-3 Grey,32990
Кресло Тут Рядом Космос-1 Зеленый,54990
Диван Байма Velvet Brown,66990
Кресло Гермис Velvet Smoke,26990
Модульный диван Brera-7 Velour Mix,167970
Диван Сорен Textile Grey,56990
Кресло Арклоу Cozy Ivory,32990
Кресло Носта Happy Emerald,18990
Диван угловой Слипсон Velvet Silver,59990
Кресло Тут Рядом Дом Синий,49990
Диван Эрвин-3 Light,32990
Пуф Клаум Linia Silver,4990
Кресло Роттердам Velvet Green,15990
Диван Ольен Мини Textile Galaxy,59990
Диван Гермис-3 Velvet Olive,49990
Диван Лофт Linia Vanil,39990
Пуф Мисл Barhat Gold,17990
Модульный диван Brera-1 Velour Lilac,192950
Пуф Риббл-18 Bucle White,16990
Диван Тут Рядом Космос Желтый,109990
Диван Инес Vertical Beige,39990
Кресло Оденс Linia Silver,17990
Диван угловой Биани-1 Barhat Night,72990
Диван Эрвин-3 White,32990
Кресло Гермис Velvet Terra,26990
Пуф Тут Рядом Красавчик Бежевый,26990
Диван Бруквиль Velvet Olive,46990
Диван Роттердам Velvet Pink,23990
Кресло Тут Рядом Космос-2 Синий,79990
Кресло Brera Velour Night,59990
Кресло-кровать Слипсон Мини Linia Silver,29990
Кресло Мисл Barhat Gold,30990
Диван Инес Vertical Silver,39990
Диван Гермис-3 Velvet Yellow,49990
Кресло Эрвин Red,19990
Диван Соланс Velvet Blue,27990
Диван угловой Майнап Velvet Light,46990
Кресло-кровать Ольен Мини Happy Light,26990
Кресло Тут Рядом Космос-2 Желтый,79990
Диван Шилдс Textile Night,69990
Пуф Орон Barhat Night,5490
Пуф Мэл Bucle Eclipce,6990
Диван угловой Плэнтис Soft Light,109990
Диван Лейсон Velvet Beige,49990
Диван Гермис-3 Velvet Terra,49990
Кресло Гарди Soft Grey,20990
Диван Эрвин-2 Red,26990
Пуф Поул Bucle Yellow,11990
Диван Кареро Velvet Light,66990
Кресло-кровать Кускен Velvet Grey,39990
Пуф Гекот Textile Forest,10990
Диван Дисент Bucle White,86990
Диван Данста Textile Gold,72990
Диван угловой Майнап Velvet Yellow,46990
Кресло Аркет Velvet Smoke,24990
Диван Инес Vertical Grey,39990
Диван угловой Ройн Мини Velvet Blue,39990
Пуф Риббл-17 Bucle White,11990
Диван Нумо Velvet Light,35990
Диван Милкен Vertical Lavender,32990
Диван Биани Cozy Ivory,74990
Диван Тут Рядом Дом Синий,69990
Диван Байвин Soft Olive,59990
Кресло Аркет Velvet Blue,24990
Диван Льери-1 Soft Olive,55990
Диван Инес Vertical Terra,39990
Кресло-кровать Кускен Velvet Yellow,39990
Диван Эрвин-3 Red,32990
Диван Данста Velvet Light,56990
Диван Гарди Soft Night,29990
Кресло Тут Рядом Дом Оранжевый,49990
Модульный диван Сэндж 3 Textile Yellow,74960
Диван Гермис-2 Velvet Stone,39990
Диван Кускен Velvet Red,36990
Диван Инес Vertical Mint,39990
Кресло Волси Happy Grafit,18990
Кресло Эрвин Light,19990
Модульный диван Сэндж 2 Textile Grey,55970
Модульный диван Риббл-1 Bucle Eclipce,70980
Модульный диван Полан-4 Cozy Ivory,111960
Диван Мира Velvet Yellow,29990
Диван Гермис-2 Velvet Yellow,39990
Кресло Пайл Bucle Smoky,23990
Кресло-кровать Кускен Velvet Sand,39990
Диван угловой Онте Bucle Eclipse,82990
Пуф Лидо Velvet Emerald,4290
Пуф Риббл-19 Bucle White,22990
Диван Сторм Land Terra,52990
Диван угловой Виена Velvet Light,59990
Кресло Коренс Bucle Green,25990
Диван Гермис-2 Velvet Olive,39990
Диван Виена Velvet Light,56990
Кресло Одрил Velvet Grey,27990
Пуф Гарди Soft Jungle,9990
Диван угловой Лаберт Velvet Galaxy,99990
Диван Лейсон Velvet Blue,49990
Кресло Гарди Soft Toffe,20990
Модульный диван Brera-4 Velour Lilac,152970
Пуф Риббл-20 Bucle White,28990
Модульный диван Сэндж 1 Textile Grey,61970
Диван Гермис-2 Velvet Eclipse,39990
Диван угловой Лилле Velvet Light,54990
Диван угловой Биани-2 Barhat Blue,94990
Диван Ольен Мини Happy Light,49990
Кресло Динс Velvet Milk,19990
Пуф Риббл-19 Bucle Forest,22990
Модульный диван Полан-3 Cozy Ivory,81960
Модульный диван Brera-5 Velour Mix,109980
Диван Гермис-2 Velvet Terra,39990
Модульный диван Риббл-2 Bucle White,117980
Пуф Мисл Barhat Melon,17990
Диван угловой Майнап Velvet Grafit,46990
Кресло Одрил Velvet Blue,27990
Кресло Мерни Textile Ice,20990
Кресло Оденс Bucle White,22990
Диван Милкен Velvet Red,32990
Диван Ольен Velvet Silver,62990
Диван Гермис-3 Velvet Light,49990
Банкетка Ринт Bucle White,12990
Диван Шилдс Textile Azure,69990
Модульный диван Brera-6 Velour Cherry,166960
Диван Кейсес Velvet Grafit,24990
Диван угловой Майнап Velvet Navy Blue,46990
Кресло Пайл Barhat Olive,21990
Диван Слипсон Velvet Milk,54990
Пуф Тут Рядом Красавчик Зеленый,26990
Диван Гермис-2 Velvet Smoke,39990
Кресло Оденс Time Pink,17990
Диван угловой Дисент-2 Velvet Smoke,99990
Диван Риббл-1 Bucle White,62990
Модульный диван Brera-7 Velour Beige,167970
Пуф Гекот Textile Silver,10990
Кресло-кровать Кускен Velvet Mint,39990
Диван Лейсон Velvet Coral,49990
Диван Викс Textile Sky,21990
Диван Гермис-3 Velvet Stone,49990
Диван угловой Байвин-2 Soft Olive,94990
Диван Слипсон Мини Gene Emerald,52990
Кресло Иденси Bucle Blue,26990
Кресло Гарди Soft Terra,20990
Пуф Кофи Cozy Ivory,4490
Диван Хевит Velvet Olive,34990
Пуф Лидо Velvet Terra,4290
Пуф Гекот Textile Blue,10990
Кресло Аркет Velvet Coral,24990
Модульный диван Риббл-3 Bucle White,141970
Кресло Арклоу Soft Blue,32990
Диван угловой Плэнтис Bucle Latte,109990
Диван Дисент Velvet Smoke,74990
Пуф Ринт Bucle White,9990
Диван угловой Дисент-1 Bucle Green,109990
Кресло-кровать Динс Мини Velvet Blue,28990
Пуф Лидо Velvet Olive,4290
Кресло Аркет Velvet Grey,24990
Кресло Оденс Linia Vanil,17990
Кресло Brera Velour Olive,59990
Диван Ольен Velvet Terra,62990
Кресло-кровать Ольен Мини Happy Yellow,26990
Кресло Бенел Cozy Emerald,30990
Диван Соланс Velvet Lime,27990
Диван Бруквиль Cozy Ivory,59990
Диван Аркет-3 Velvet Coral,39990
Кресло Гарди Soft Milk,20990
Диван Лачи Velvet Navy Blue,25990
Диван угловой Дарол Happy Yellow,59990
Кресло поворотное Мэник Textile Smoke,30990
Диван угловой Дарол Happy Light,59990
Модульный диван Brera-6 Velour Smoke,166960
Диван Виена Bucle Silver,76990
Диван Лофт Linia Stone,39990
Кресло Аркет Velvet Olive,24990
Диван Льери-1 Soft Latte,55990
Кресло-кровать Льери Мини Velvet Light,34990
Пуф Ситено Barhat Blue,6990
Диван угловой Биани-1 Cozy Ivory,84990
Диван Инес Vertical Light,39990
Пуф Клаум Linia Navy Blue,4990
Кресло-кровать Льери Мини Velvet Terra,34990
Диван угловой Мисл-1 Barhat Gold,99990
Кресло Ансил Soft Ginger,26990
Диван угловой Биани-2 Cozy Ivory,109990
Банкетка Вайли Bucle Galaxy,11990
Модульный диван Brera-2 Velour Caramel,99980
Диван Тилар Textile Yellow,27990
Диван Виенсо Bucle Milk,74990
Диван Гарди Soft Milk,29990
Диван Коренс Happy Light,28990
Кресло Винси Soft Light,14990
Пуф Корк Velvet Light,8990
Диван угловой Виена Velvet Smoke,59990
Диван угловой Сайле Barhat Gold,139990
Диван угловой Дисент-2 Bucle White,129990
Диван Дара Happy Light,39990
Модульный диван Brera-8 Velour Lilac,117970
Модульный диван Риббл-5 Bucle White,177960
Пуф Бане Cozy Emerald,7990
Диван Тилар Textile Grey,27990
Диван Лейсон Velvet Yellow,49990
Кресло-кровать Эби Мини Linia Vanil,29990
Диван Байвин Soft Latte,59990
Банкетка Солн Cozy Ginger,12990
Диван Льери-1 Soft Grey,55990
Диван Эби Мини Linia Beige,54990
Кресло Лонди Cozy Beige,39990
Диван Кейсес Velvet Grey,24990
Диван Слипсон Velvet Silver,54990
Кресло поворотное Мэник Textile Forest,30990
Кресло Бенел Cozy Ginger,30990
Пуф Лонди Cozy Ivory,12990
Диван угловой Маркфул Velvet Blue,76990
Модульный диван Brera-1 Velour Plum,192950
Диван угловой Байвин-1 Soft Ginger,72990
Диван Бонент Velvet Plum,69990
Пуф Ринт Bucle Beige,9990
Диван Мона Velvet Olive,25990
Модульный диван Brera-1 Velour Galaxy,192950
Диван угловой Байвин-2 Soft Ginger,94990
Кресло-кровать Слипсон Мини Linia Beige,29990
Модульный диван Brera-6 Velour Lilac,166960
Диван Байма Velvet Terra,66990
Пуф Поул Bucle Mint,11990
Диван угловой Дисент-1 Soft Yellow,89990
Диван Инес Vertical Blue,39990
Модульный диван Brera-2 Velour Olive,99980
Кресло Лонди Cozy Ginger,39990
Диван Нумо Мини Textile Navy Blue,22990
Кресло Маркфул Velvet Blue,22990
Кресло Коренс Happy Light,20990
Диван угловой Майнап Velvet Olive,46990
Диван угловой Виена Velvet Corall,59990
Пуф Гарди Soft Milk,9990
Кресло Мерни Textile Smoke,20990
Диван Риббл-10 Bucle White,75990
Диван Соланс Velvet Grey,27990
Диван Коренс-3 Happy Yellow,30990
Модульный диван Brera-3 Velour Forest,104970
Кресло Гета Soft Olive,29990
Кресло Арклоу Soft Ginger,32990
Модульный диван Brera-5 Velour Smoke,109980
Диван Лилле Velvet Stone,42990
Диван Маре Мини Velvet Silver,26990
Диван Бонент Velvet Moss,69990
Диван Лилле Velvet Terra,42990
Диван Лофт Linia Mint,39990
Диван Эби Happy Mint,62990
Модульный диван Brera-5 Velour Caramel,109980
Пуф Винси Textile Ginger,12990
Кресло Тилар Textile Beige,19990
Кресло Носта Bucle Silver,24990
Диван Массе Velvet Mint,56990
Пуф Риббл-18 Bucle Eclipce,16990
Диван Коренс-3 Happy Light,30990
Диван Бонент Velvet Terra,69990
Кресло Инмар Velvet Light,25990
Диван Соланс Velvet Sand,27990
Диван угловой Байвин-1 Soft Latte,72990
Модульный диван Brera-7 Velour Lilac,167970
Диван угловой Байвин-1 Soft Gold,72990
Модульный диван Brera-7 Velour Stone,167970
Пуф Эби Мини Linia Ginger,5490
Кресло Арклоу Soft Silver,32990
Диван Динс Velvet Navy Blue,44990
Диван угловой Байвин-2 Soft Gold,94990
Диван Лонди Cozy Ginger,49990
Диван Льери Мини Bucle White,66990
Пуф Гарди Soft Terra,9990
Кресло Дженкс Textile Blue,19990
Диван Байма Velvet Milk,66990
Кресло Венето Velvet Mustard,22990
Модульный диван Brera-8 Velour Black,117970
Кресло Пайл Textile Ginger,23990
Диван угловой Динс Velvet Navy Blue,52990
Пуф Ринт Bucle Pink,9990
Кресло поворотное Мэник Textile Yellow,30990
Банкетка Солн Cozy Ivory,12990
Диван Гарди Soft Terra,29990
Диван Бонент Velvet Grey,69990
Модульный диван Brera-8 Velour Caramel,117970
Кресло Динс Time Emerald,19990
Диван Байвин Soft Ginger,59990
Кресло поворотное Мэник Textile Grey,30990
,52990
,177960
,39990
,9990
,54990
,69990
,104970
,6990
,24990
,49990
,29990
,26990
,56990
,59990
,30990
,89990
,21990
,55990
,20990
,39990
,82990
,109980
,30990
,28990
,19990
,7990
,25990
,32990
,54990
,70980
,22990
,89990
,26990
,22990
,69990
,177960
,17990
,32990
,22990
,8990
,25990
,22990
Кресло-кровать Льери Мини Velvet Emerald,34990
Кушетка Оренте Soft Silver,39990
Кресло Арклоу Soft Beige,32990
Диван Аркет-2 Velvet Blue,32990
Диван угловой Динс Time Emerald,52990
Диван Риббл-10 Bucle Forest,75990
,75990
,8990
,47990
,16990
,89990
,32990
,26990
,29990
,20990
,70980
,14990
,34990
,22990
,24990
,47990
,32990
,29990
,44990
,32990
,54990
,75990
,139970
,82990
,62990
,39990
,4490
,16990
,62990
,11990
,59990
,177960
,30990
,34990
,32990
,99990
,36990
,69990
,29990
,69990
,75990
,89990
,30990
Кресло Ниса Land Forest,32990
Диван Риббл-6 Bucle Mint,47990
Пуф Ринт Bucle Forest,9990
Диван Линс Velvet Grey,26990
Модульный диван Риббл-1 Bucle Mint,70980
Диван Эби Мини Linia Navy,54990
,47990
,39990
,11990
,32990
,40970
,20990
,34990
,54990
,22990
,56990
,47990
,141970
,86990
,49990
,139970
,15990
,36990
,39990
,36990
,141970
,59990
,12990
,39990
,34990
,20990
,49990
,39990
,75990
,25990
,47990
,23990
,32990
,47990
,39990
,49990
,29990
,62990
,49990
,9990
,75990
,89990
,28990
Кресло Коренс Happy Yellow,20990
Диван Стаус Velvet Blue,29990
Диван Винси Velvet Mint,22990
Кресло Ньюбери Velvet Green,15990
Модульный диван Риббл-3 Bucle Mint,141970
Кресло Коренс Happy Mint,20990
,16990
,75990
,62990
,24990
,70980
,28990
,7990
,62990
,62990
,75990
,12990
,62990
,32990
,30990
,11990
,74990
,66990
,139970
,62990
,39990
,4490
,16990
,117980
,39990
,26990
,139970
,28990
,69990
,39990
,11990
,62990
,39990
,117980
,34990
,52990
,30990
,54990
,117980
,74990
,12990
,34990
,12990
Кушетка Оренте Soft Beige,39990
Диван Кинси-2 Land Marsala,46990
Пуф Кофи Velvet Light,3490
Диван Роттердам-3 Velvet Light,30990
Пуф Риббл-17 Bucle Eclipce,11990
Диван Риббл-10 Bucle Lilac,75990
,34990
,7990
,46990
,28990
,44990
,17990
,15990
,28990
,16990
,22990
,34990
,32990
,9990
,34990
,17990
,12990
,117980
,12990
,26990
,99990
,32990
,29990
,34990
,8990
,39990
,109990
,47990
,29990
,139990
,32990
,26990
,29990
,12990
,24990
,39990
,44990
,89990
,117980
,32990
,34990
,55970
,34990
Пуф Риббл-20 Bucle Eclipce,28990
Кушетка Интори Soft Night,24990
Банкетка Солн Cozy Emerald,12990
Диван Лачи Velvet Silver,25990
Кресло Ниса Land Navy Blue,32990
Модульный диван Риббл-5 Bucle Beige,177960
,26990
,44990
,5490
,12990
,24990
,34990
,54990
,89990
,141970
,49990
,49990
,29990
,52990
,127940
,139990
,25990
,46990
,24990
,72990
,25990
,34990
,32990
,32990
,38990
,139970
,32990
,99990
,12990
,47990
,29990
,12990
,25990
,183920
,54990
,24990
,14990
,75990
,23990
,65970
,89990
,25990
,47990
Кушетка Интори Soft Yellow,24990
Диван Порту Textile Light,24990
Диван угловой Беллер Textile Ocean,36990
Диван Сите-2 Barhat Beige,26990
Кресло-кровать Бонс-Т Happy Yellow,25990
Диван Бонс-Т Happy Grey,39990
Кушетка Интори Soft Toffe,24990
Диван Динс Мини Velvet Blue,46990
Диван Коренс-3 Happy Grey,30990
Диван Коренс-3 Happy Grafit,30990
Диван Льери Мини Velvet Coral,56990
Диван Бонс-Т Happy Deep Ocean,39990
Банкетка Вайли Happy Grafit,8990
Диван Риббл-1 Bucle Eclipce,62990
Кресло Бенел Cozy Latte,30990
Диван Самми Velvet Beige,26990
Диван Льери Barhat Emerald,72990
Кресло Маркфул Velvet Coral,22990
Диван Кареро Bucle Mint,74990
Модульный диван Сэндж 2 Textile Ocean,55970
Пуф Риббл-20 Bucle Forest,28990
Диван угловой Дарол Happy Emerald,59990
Диван угловой Порту Textile Yellow,32990
Диван угловой Нумо Velvet Pink,44990
Диван Коренс Happy Grafit,28990
Пуф Тут Рядом Красавчик Желтый,26990
Кресло Brera Velour Lilac,59990
Кресло Роттердам Velvet Grey,15990
Диван Маркфул Velvet Ocean,59990
Кресло Ларни Velvet Beige,18990
Диван Риббл-1 Bucle Lilac,62990
Диван Роттердам-3 Velvet Pink,30990
Пуф Куб Velvet Beige,3490
Диван Маркфул Velvet Blue,59990
Модульный диван Brera-1 Velour Black,192950
Диван Мира Velvet Pink,29990
Диван Тут Рядом Дом Оранжевый,69990
Диван Милкен Vertical Jeans,32990
Банкетка Эдин Velvet Beige,9990
Кресло Тут Рядом Дом Зеленый,49990
Диван Эби Мини Linia Yellow,54990
Модульный диван Brera-2 Velour Smoke,99980
Пуф Мисл Barhat Stone,17990
Диван Риббл-11 Bucle White,75990
Диван угловой Маркфул Velvet Yellow,76990
Диван Рейли Velvet Grey,29990
Кресло Мисл Barhat Stone,30990
Диван Ольен Happy Grafit,62990
Банкетка Ринт Bucle Grafit,12990
Модульный диван Brera-4 Velour Cinnamon,152970
Диван Мисл Barhat Stone,66990
Модульный диван Риббл-5 Bucle Forest,177960
Диван Данста Textile Night,72990
Кушетка Берил Velvet Beige,34990
Диван Льери-1 Soft Navy Blue,55990
Кресло Иденси Bucle Latte,26990
Диван угловой Виена Bucle Silver,79990
Диван угловой Онте Textile Grey,89990
Модульный диван Brera-6 Velour Olive,166960
Диван Арил Velvet Emerald,42990
Диван Данста Textile Honey,72990
Кресло-кровать Ольен Мини Happy Grafit,26990
Диван угловой Порту Textile Grafit,32990
Банкетка Вайли Happy Emerald,8990
Модульный диван Brera-8 Velour Mix,117970
Кушетка Венето Velvet Terra,32990
Кресло Маркфул Velvet Light,22990
Пуф Гарди Soft Pink,9990
Банкетка Ситено Barhat Stone,10990
Пуф Гекот Textile Brown,10990
Диван Кареро Time Grey,66990
Диван Мисл Barhat Gold,66990
Диван Дара Happy Ocean,39990
Диван Роттердам-3 Velvet Yellow,30990
Кресло Оденс Bucle Galaxy,22990
Диван угловой Порту Textile Brown,32990
Диван угловой Онте Textile Night,89990
Диван угловой Дисент-2 Land Light,119990
Диван угловой Порту Textile Ocean,32990
Диван Brera Velour Caramel,89990
Кресло Пайл Textile Grafit,23990
Кресло-кровать Ольен Мини Happy Grey,26990
Кресло Ньюбери 310,15990
Диван Кареро Bucle Beige,74990
Банкетка Эдин Velvet Mustard,9990
Кресло-кровать Динс Мини Velvet Ocean,28990
Диван Дара Happy Grey,39990
Кушетка Берил Velvet Mustard,34990
Диван угловой Плэнтис Velvet Beige,89990
Кресло-кровать Кейсес Velvet Grey,20990
Диван Порту Textile Silver,24990
Диван Лилле Velvet Light,42990
Кресло Венето Velvet Poudre,22990
Диван Маркфул Velvet Coral,59990
Диван Ситено Barhat Gold,49990
Модульный диван Этен Vertical Terra,73960
Кресло Коренс Happy Grafit,20990
Диван Порту Textile Ocean,24990
Кушетка Роби Textile Yellow,16990
Диван Лилле Velvet Grey,42990
Диван угловой Дарол Happy Grafit,59990
Модульный диван Сэндж 2 Textile Light,55970
,14990
,24990
,86990
,14990
,62990
,26990
,29990
,89990
,66990
,30990
,3490
,7990
,26990
,10990
,36990
,66990
,29990
,15990
,29990
,18990
,74990
,52990
,22990
,59990
,44990
,23990
,69990
,89990
,20990
,69990
,21990
,15990
,35990
,152970
,23990
,22990
,91960
,66990
,26990
,167970
,8490
,61970
Кресло Иденси Bucle Green,26990
Диван Дара Happy Yellow,39990
Кресло-кровать Бонс-Т Happy Emerald,25990
Диван угловой Онте Bucle Mint,82990
Кушетка Берил Velvet Grey,34990
Диван Стаус Velvet Smoke,29990
,26990
,8990
,29990
,74990
,65970
,56990
,16990
,44990
,152970
,72990
,7990
,19990
,9990
,9990
,26990
,26990
,89990
,26990
,15990
,36990
,36990
,46990
,59990
,8490
,74990
,139990
,62990
,74990
,26990
,12990
,66960
,49990
,62990
,49990
,8490
,74960
,29990
,74990
,94990
,20990
,99990
,15990
Диван Арил Velvet Pink,42990
Пуф Кофи Velvet Navy Blue,3490
Кресло Гарди Soft Night,20990
Диван Викс Textile Grafit,21990
Кресло Волси Happy Yellow,18990
Диван угловой Ситено Barhat Emerald,59990
,8490
,19990
,18990
,49990
,133940
,74960
,14990
,10990
,26990
,29990
,22990
,74990
,19990
,26990
,23990
,16990
,8490
,27990
,39990
,74960
,183920
,32990
,19990
,39990
,28990
,18990
,15990
,40970
,8490
,16990
,94990
,49990
,32990
,61970
,99990
,74990
,26990
,28990
,6990
,59990
,40970
,29990
Модульный диван Этен 1 Vertical Silver,103950
Пуф Орон Barhat Stone,5490
Кресло Бенел Cozy Storm,30990
Пуф Кофи-2 Vertikal Grafit,4490
Пуф Арис-2 Textile Blue,9990
Диван Види Textile Light,22990
,32990
,127940
,36990
,117950
,61970
,29990
,56990
,29990
,66960
,19990
,10990
,23990
,19990
,24990
,4990
,74990
,62990
,9990
,26990
,46990
,22990
,76990
,18990
,61970
,59990
,26990
,89990
,44990
,22990
,25990
,12990
,49990
,36990
,6990
,5490
,10990
,59990
,72990
,9990
,7990
,7990
,117950
Модульный диван Полан-2 Velvet Beige,83960
Кресло Носта Yellow,18990
Диван Викс Textile Silver,21990
Диван Лачи Velvet Emerald,25990
Кресло Тилар Textile Navy Blue,19990
Пуф Ньюбери 342,5490
,10990
,24990
,4490
,22990
,9990
,36990
,6990
,49990
,3490
,17990
,16990
,20990
,76990
,6990
,9990
,19990
,26990
,16990
,7990
,25990
,59990
,7990
,89990
,3490
,19990
,30990
,15990
,18990
,42990
,9990
,46990
,21990
,44990
,10990
,59990
,40970
,15990
,15990
,19990
,18990
,16990
,49990
Пуф Дадли Velvet Yellow,3290
Кресло-кровать Бонс-Т Happy Mint,25990
Диван Види Textile Corall,22990
Кресло Ларни Velvet Grey,18990
Диван Арил Velvet Grey,42990
Модульный диван Полан-1 Velvet Light,65970
,42990
,32990
,22990
,16990
,22990
,17990
,72990
,19990
,3290
,7990
,42990
,36990
,34990
,83960
,3290
,39990
,18990
,3490
,26990
,66960
,3290
,16990
,19990
,32990
,13990
,30990
,72990
,14990
,59990
,5490
,3490
,76990
,4990
,59990
,10990
,94990
,74990
,3490
,54990
,35990
,9990
,3490
Диван Нумо Мини Textile Sky,22990
Кресло Ньюбери Velvet Pink,15990
Диван Виена Velvet Corall,56990
Диван Бонент Velvet Eclipse,69990
Диван угловой Нумо Velvet Light,44990
Кресло Мерни Textile Blue,20990
Диван Лофт Linia Silver,39990
Диван Эби Мини Linia Stone,54990
Диван Эби Мини Linia Silver,54990
Кресло-кровать Бонс-Т Happy Light,25990
Кушетка Норфолк Velvet Pink,23990
Диван Лонди Bucle Marble,49990
Диван угловой Амрано Velvet Grey,39990
Пуф Винси Velvet Mint,11990
Модульное кресло Полан Velvet Terra,40970
Пуф Лонди Bucle Marble,12990
Кресло Винси Velvet Mint,16990
Кресло-кровать Ольен Мини Textile Galaxy,36990
Модульный диван Полан-3 Velvet Smoke,66960
Диван Лави Velvet Terra,36990
Пуф Корк Velvet Beige,8990
Модульный диван Полан-4 Velvet Smoke,91960
Кушетка Манс Velvet Blue,29990
Диван угловой Эдвин Velvet Light,69990
Банкетка Аймо Textile Grey,7990
Банкетка Эдин Velvet Emerald,9990
Кресло Мерни Textile Yellow,20990
Диван угловой Амрано Velvet Stone,39990
Диван угловой Стаус Velvet Smoke,34990
Диван Лилле Velvet Atlantic,42990
Кресло Оксфорд Velvet Latte,16990
Диван угловой Слипсон Emerald,59990
Кресло Витио Velvet Coral,19990
Диван Слипсон Happy Grafit,54990
Диван Слипсон Emerald,54990
Кресло-кровать Слипсон Мини Happy Yellow,29990
Диван Слипсон Мини Happy Yellow,52990
Кресло-кровать Эби Мини Time Yellow,29990
Диван угловой Дисент-2 Velvet Corall,114990
Диван Дисент Velvet Corall,84990
Диван угловой Динс Velvet Terra,54990
Диван Стаус Velvet Caramel,29990
Кресло Витио Soft Olive,24990
Диван Динс Мини Velvet Yellow,46990
Кушетка Ринт Bucle Forest,19990
Кушетка Ринт Bucle Blue,19990
Кушетка Ринт Bucle Yellow,19990
Пуф Кропс Bucle Grafit,7990
Пуф Кропс Bucle Lilac,7990
Пуф Кропс Bucle Silver,7990
Пуф Кропс Bucle Marble,7990
Пуф Кропс Bucle Pink,7990
Пуф Кропс Bucle Shadow,7990
Пуф Кропс Bucle Smoky,7990
Кушетка Ринт Bucle White,19990
Кушетка Ринт Bucle Beige,19990
Кушетка Ринт Bucle Pink,19990
